100,000-year problem
Adaptation
Carbon credit
Carbon offset
Albedo
Anoxic event
Ocean
Antarctic oscillation
Human impact on the environment
Anthropogenic climate change
Anthropogenic global warming
Anti-greenhouse effect
Arctic oscillation
20th parallel north
37th parallel north
45th parallel north
North Atlantic oscillation
Arctic shrinkage
Atlantic Multidecadal Oscillation
Sea surface temperature
Atmospheric sciences
Aerosol
Radiative forcing"
"Carbon cycle
Carbon diet
Carbon footprint
Carbon offset
Carbon sequestration
Carbon sink
Carbon tax
Clathrate gun hypothesis
Climate
Climate change
Climate change feedback
Radiative forcing
Climate commitment
Greenhouse gas
Climate ethics
Climate Justice
Climate legislation
Climate refugee
Climate resilience
Socio-ecological system
Climate change
Sustainability
Climate sensitivity
Radiative forcing
Climatology"
"Desertification
Attribution of recent climate change"
"Eco-efficiency
Earth's atmosphere
Earthshine
Ecotax
Ecosystem Services
El Niño
Emission intensity
Pollutant
Carbon dioxide
Greenhouse gas
Emission standards
Enteric fermentation
Environmental crime
Environmental crime"
"Effects of global warming
Fossil fuel
Freon"
"Glacial earthquake
Global cooling
Global climate model
Global dimming
Global warming
Global warming controversy
Global warming period
Global warming potential
Greenhouse effect
Greenhouse gas
Greenhouse gas inventory
Emission inventory
Carbon sink
Gulf Stream"
"Heiligendamm Process
G8
Temperature record
Hockey stick graph
Hockey stick controversy
Holocene
Before Present
Anthropocene
Holocene Climatic Optimum
Before Present"
"Ice age
Ice core
Core sample
Insolation
Invasive Species
Irradiance
Instrumental temperature record
Interdecadal Pacific Oscillation"
"Keeling Curve
Carbon dioxide
Kyoto Protocol
United Nations Framework Convention on Climate Change
Post–Kyoto Protocol negotiations on greenhouse gas emissions"
Little Ice Age
"Magnetosphere
Maunder Minimum
Mauna Loa
Medieval climate optimum
Meteorology
Methane
Greenhouse gas
Enteric fermentation
Livestock
Mitigation of global warming
Mode of variability"
"Nitrous oxide
North Atlantic Deep Water
North Atlantic oscillation"
"Ocean planet
Snowball Earth
Ozone depletion"
"Pacific decadal oscillation
Paleocene–Eocene Thermal Maximum
Paleoclimatology
Polar amplification
Antarctic
Southern Ocean
Polar city
Proxy (climate)"
"Radiative forcing
Removal unit
Carbon credit
Carbon sink
United Nations Framework Convention on Climate Change
Runaway greenhouse effect"
"Slash and burn
Deforestation
Agriculture
Solar variation
Solar wind
Sunspot"
"Thermohaline circulation
TEX-86
Paleothermometer
Thermocline
Tipping point (climatology)
The Real Global Warming Disaster
Christopher Booker
Attribution of recent climate change
Thunderstorm"
Urban heat island
"Climate change acronyms
Glossary of environmental science
Scientific opinion on climate change
Severe weather terminology (Canada)
Severe weather terminology (United States)
Timeline of environmental history"
Attribution of recent climate change
Radio window